id,actual,override,note
1,須向香港藥劑業及毒藥管理局註冊，取得註冊編號後才可售賣。,,示範資料：人手撰寫，非真實模型輸出
2,格式為 HK-XXXXX，印在包裝上。,,示範資料：人手撰寫，非真實模型輸出
3,最高可判罰款10萬元及監禁2年。,,示範資料：人手撰寫，非真實模型輸出
4,只可在藥房由註冊藥劑師在場監督下出售。,,示範資料：人手撰寫，非真實模型輸出
5,不可以，藥行只能賣非毒藥和第2部毒藥。,,示範資料：人手撰寫，非真實模型輸出
6,須有註冊醫生、牙醫或獸醫的處方。,,示範資料：人手撰寫，非真實模型輸出
7,須在毒藥登記冊記錄購買者姓名、地址、身份證號碼及簽署。,,示範資料：人手撰寫，非真實模型輸出
8,標籤須印上「處方藥物 Prescription Drug」。,,示範資料：人手撰寫，非真實模型輸出
9,須印上「毒藥 Poison」字眼。,,示範資料：人手撰寫，非真實模型輸出
10,列為第1部附表1毒藥，藥房要登記買家身份證號碼。,,示範資料：人手撰寫，非真實模型輸出
11,受《抗生素條例》（第137章）規管，須憑處方購買。,,示範資料：人手撰寫，非真實模型輸出
12,所有持牌藥行都可以展示 Rx 標誌。,,示範資料：人手撰寫，非真實模型輸出
13,須保留2年。,,示範資料：人手撰寫，非真實模型輸出
14,只可配發一次，除非醫生在處方上註明可重配次數。,,示範資料：人手撰寫，非真實模型輸出
15,可以，只要申請進口許可證便可郵寄入口自用。,,示範資料：人手撰寫，非真實模型輸出
16,格式為 HKC-XXXXX。,,示範資料：人手撰寫，非真實模型輸出
17,向香港中醫藥管理委員會中藥組註冊。,,示範資料：人手撰寫，非真實模型輸出
18,已於2025年6月30日結束。,,示範資料：人手撰寫，非真實模型輸出
19,第231章。,,示範資料：人手撰寫，非真實模型輸出
20,可以，只要附上「本產品不能代替藥物」的聲明。,FAIL,示範資料：人手撰寫，非真實模型輸出｜人手覆核：關鍵詞「不能」只出現在免責聲明，答案實為「可以」，改判 FAIL
